﻿<?xml version="1.0" encoding="utf-8"?>
<Roots >
  <Roots.RootTypes>
    <RootType FullName="Windows.UI.Xaml.ResourceDictionary">
      <RootProperty Name="MergedDictionaries" />
      <RootProperty Name="ThemeDictionaries" />
      <RootProperty Name="Source" />
    </RootType>
    <RootType FullName="Windows.UI.Xaml.Media.SolidColorBrush">
      <RootProperty Name="Color" />
      <RootProperty Name="Opacity" />
    </RootType>
    <RootType FullName="System.Double" />
    <RootType FullName="Windows.UI.Color" />
    <RootType FullName="Windows.UI.Xaml.Thickness" />
    <RootType FullName="Microsoft.Xaml.DirectUI.ProxyTypes.ThemeResourceExtension" />
    <RootType FullName="Microsoft.Xaml.DirectUI.ProxyTypes.StaticResourceExtension" />
    <RootType FullName="Windows.UI.Xaml.Media.FontFamily" />
    <RootType FullName="System.String" />
  </Roots.RootTypes>
</Roots>
