<?xml version="1.0" encoding="UTF-8" standalone="no"?>
<Bundle SchemaVersion="5.0" IgnorableNamespaces="b4 b5" xmlns="http://schemas.microsoft.com/appx/2013/bundle" xmlns:b4="http://schemas.microsoft.com/appx/2018/bundle" xmlns:b5="http://schemas.microsoft.com/appx/2019/bundle">
	<Identity Name="Microsoft.WindowsStore" Publisher="CN=Microsoft Corporation, O=Microsoft Corporation, L=Redmond, S=Washington, C=US" Version="22312.1401.5.0"/>
	<Packages>
		<Package Type="application" Version="22312.1401.5.0" Architecture="x64" FileName="StorePackage_22312.1401.5.0_x64.msix" Offset="22852412" Size="24719465">
			<Resources>
				<Resource Language="EN-US"/>
				<Resource Language="EN-GB"/>
				<Resource Language="AF-ZA"/>
				<Resource Language="AM-ET"/>
				<Resource Language="AR-SA"/>
				<Resource Language="AS-IN"/>
				<Resource Language="AZ-LATN-AZ"/>
				<Resource Language="BG-BG"/>
				<Resource Language="BN-IN"/>
				<Resource Language="BS-LATN-BA"/>
				<Resource Language="CA-ES"/>
				<Resource Language="CA-ES-VALENCIA"/>
				<Resource Language="CS-CZ"/>
				<Resource Language="CY-GB"/>
				<Resource Language="DA-DK"/>
				<Resource Language="DE-DE"/>
				<Resource Language="EL-GR"/>
				<Resource Language="ES-ES"/>
				<Resource Language="ES-MX"/>
				<Resource Language="ET-EE"/>
				<Resource Language="EU-ES"/>
				<Resource Language="FA-IR"/>
				<Resource Language="FI-FI"/>
				<Resource Language="FIL-PH"/>
				<Resource Language="FR-CA"/>
				<Resource Language="FR-FR"/>
				<Resource Language="GA-IE"/>
				<Resource Language="GD-GB"/>
				<Resource Language="GL-ES"/>
				<Resource Language="GU-IN"/>
				<Resource Language="HE-IL"/>
				<Resource Language="HI-IN"/>
				<Resource Language="HR-HR"/>
				<Resource Language="HU-HU"/>
				<Resource Language="HY-AM"/>
				<Resource Language="ID-ID"/>
				<Resource Language="IS-IS"/>
				<Resource Language="IT-IT"/>
				<Resource Language="JA-JP"/>
				<Resource Language="KA-GE"/>
				<Resource Language="KK-KZ"/>
				<Resource Language="KM-KH"/>
				<Resource Language="KN-IN"/>
				<Resource Language="KO-KR"/>
				<Resource Language="KOK-IN"/>
				<Resource Language="LB-LU"/>
				<Resource Language="LO-LA"/>
				<Resource Language="LT-LT"/>
				<Resource Language="LV-LV"/>
				<Resource Language="MI-NZ"/>
				<Resource Language="MK-MK"/>
				<Resource Language="ML-IN"/>
				<Resource Language="MR-IN"/>
				<Resource Language="MS-MY"/>
				<Resource Language="MT-MT"/>
				<Resource Language="NB-NO"/>
				<Resource Language="NE-NP"/>
				<Resource Language="NL-NL"/>
				<Resource Language="NN-NO"/>
				<Resource Language="OR-IN"/>
				<Resource Language="PA-IN"/>
				<Resource Language="PL-PL"/>
				<Resource Language="PT-BR"/>
				<Resource Language="PT-PT"/>
				<Resource Language="QUZ-PE"/>
				<Resource Language="RO-RO"/>
				<Resource Language="RU-RU"/>
				<Resource Language="SK-SK"/>
				<Resource Language="SL-SI"/>
				<Resource Language="SQ-AL"/>
				<Resource Language="SR-CYRL-BA"/>
				<Resource Language="SR-CYRL-RS"/>
				<Resource Language="SR-LATN-RS"/>
				<Resource Language="SV-SE"/>
				<Resource Language="TA-IN"/>
				<Resource Language="TE-IN"/>
				<Resource Language="TH-TH"/>
				<Resource Language="TR-TR"/>
				<Resource Language="TT-RU"/>
				<Resource Language="UG-CN"/>
				<Resource Language="UK-UA"/>
				<Resource Language="UR-PK"/>
				<Resource Language="UZ-LATN-UZ"/>
				<Resource Language="VI-VN"/>
				<Resource Language="ZH-CN"/>
				<Resource Language="ZH-TW"/>
			</Resources>
			<b4:Dependencies>
				<b4:TargetDeviceFamily Name="Windows.Desktop" MinVersion="10.0.18362.0" MaxVersionTested="10.0.22621.0"/>
				<b4:TargetDeviceFamily Name="Windows.Team" MinVersion="10.0.18362.0" MaxVersionTested="10.0.22621.0"/>
				<b4:TargetDeviceFamily Name="Windows.Core" MinVersion="10.0.18362.0" MaxVersionTested="10.0.22621.0"/>
				<b4:TargetDeviceFamily Name="Windows.Holographic" MinVersion="10.0.18362.0" MaxVersionTested="10.0.22621.0"/>
			</b4:Dependencies>
		</Package>
		<Package Type="application" Version="22312.1401.5.0" Architecture="x86" FileName="StorePackage_22312.1401.5.0_x86.msix" Offset="47571967" Size="22124527">
			<Resources>
				<Resource Language="EN-US"/>
				<Resource Language="EN-GB"/>
				<Resource Language="AF-ZA"/>
				<Resource Language="AM-ET"/>
				<Resource Language="AR-SA"/>
				<Resource Language="AS-IN"/>
				<Resource Language="AZ-LATN-AZ"/>
				<Resource Language="BG-BG"/>
				<Resource Language="BN-IN"/>
				<Resource Language="BS-LATN-BA"/>
				<Resource Language="CA-ES"/>
				<Resource Language="CA-ES-VALENCIA"/>
				<Resource Language="CS-CZ"/>
				<Resource Language="CY-GB"/>
				<Resource Language="DA-DK"/>
				<Resource Language="DE-DE"/>
				<Resource Language="EL-GR"/>
				<Resource Language="ES-ES"/>
				<Resource Language="ES-MX"/>
				<Resource Language="ET-EE"/>
				<Resource Language="EU-ES"/>
				<Resource Language="FA-IR"/>
				<Resource Language="FI-FI"/>
				<Resource Language="FIL-PH"/>
				<Resource Language="FR-CA"/>
				<Resource Language="FR-FR"/>
				<Resource Language="GA-IE"/>
				<Resource Language="GD-GB"/>
				<Resource Language="GL-ES"/>
				<Resource Language="GU-IN"/>
				<Resource Language="HE-IL"/>
				<Resource Language="HI-IN"/>
				<Resource Language="HR-HR"/>
				<Resource Language="HU-HU"/>
				<Resource Language="HY-AM"/>
				<Resource Language="ID-ID"/>
				<Resource Language="IS-IS"/>
				<Resource Language="IT-IT"/>
				<Resource Language="JA-JP"/>
				<Resource Language="KA-GE"/>
				<Resource Language="KK-KZ"/>
				<Resource Language="KM-KH"/>
				<Resource Language="KN-IN"/>
				<Resource Language="KO-KR"/>
				<Resource Language="KOK-IN"/>
				<Resource Language="LB-LU"/>
				<Resource Language="LO-LA"/>
				<Resource Language="LT-LT"/>
				<Resource Language="LV-LV"/>
				<Resource Language="MI-NZ"/>
				<Resource Language="MK-MK"/>
				<Resource Language="ML-IN"/>
				<Resource Language="MR-IN"/>
				<Resource Language="MS-MY"/>
				<Resource Language="MT-MT"/>
				<Resource Language="NB-NO"/>
				<Resource Language="NE-NP"/>
				<Resource Language="NL-NL"/>
				<Resource Language="NN-NO"/>
				<Resource Language="OR-IN"/>
				<Resource Language="PA-IN"/>
				<Resource Language="PL-PL"/>
				<Resource Language="PT-BR"/>
				<Resource Language="PT-PT"/>
				<Resource Language="QUZ-PE"/>
				<Resource Language="RO-RO"/>
				<Resource Language="RU-RU"/>
				<Resource Language="SK-SK"/>
				<Resource Language="SL-SI"/>
				<Resource Language="SQ-AL"/>
				<Resource Language="SR-CYRL-BA"/>
				<Resource Language="SR-CYRL-RS"/>
				<Resource Language="SR-LATN-RS"/>
				<Resource Language="SV-SE"/>
				<Resource Language="TA-IN"/>
				<Resource Language="TE-IN"/>
				<Resource Language="TH-TH"/>
				<Resource Language="TR-TR"/>
				<Resource Language="TT-RU"/>
				<Resource Language="UG-CN"/>
				<Resource Language="UK-UA"/>
				<Resource Language="UR-PK"/>
				<Resource Language="UZ-LATN-UZ"/>
				<Resource Language="VI-VN"/>
				<Resource Language="ZH-CN"/>
				<Resource Language="ZH-TW"/>
			</Resources>
			<b4:Dependencies>
				<b4:TargetDeviceFamily Name="Windows.Desktop" MinVersion="10.0.18362.0" MaxVersionTested="10.0.22621.0"/>
				<b4:TargetDeviceFamily Name="Windows.Team" MinVersion="10.0.18362.0" MaxVersionTested="10.0.22621.0"/>
				<b4:TargetDeviceFamily Name="Windows.Core" MinVersion="10.0.18362.0" MaxVersionTested="10.0.22621.0"/>
				<b4:TargetDeviceFamily Name="Windows.Holographic" MinVersion="10.0.18362.0" MaxVersionTested="10.0.22621.0"/>
			</b4:Dependencies>
		</Package>
		<Package Type="application" Version="22312.1401.5.0" Architecture="arm64" FileName="StorePackage_22312.1401.5.0_ARM64.msix" Offset="68" Size="22852254">
			<Resources>
				<Resource Language="EN-US"/>
				<Resource Language="EN-GB"/>
				<Resource Language="AF-ZA"/>
				<Resource Language="AM-ET"/>
				<Resource Language="AR-SA"/>
				<Resource Language="AS-IN"/>
				<Resource Language="AZ-LATN-AZ"/>
				<Resource Language="BG-BG"/>
				<Resource Language="BN-IN"/>
				<Resource Language="BS-LATN-BA"/>
				<Resource Language="CA-ES"/>
				<Resource Language="CA-ES-VALENCIA"/>
				<Resource Language="CS-CZ"/>
				<Resource Language="CY-GB"/>
				<Resource Language="DA-DK"/>
				<Resource Language="DE-DE"/>
				<Resource Language="EL-GR"/>
				<Resource Language="ES-ES"/>
				<Resource Language="ES-MX"/>
				<Resource Language="ET-EE"/>
				<Resource Language="EU-ES"/>
				<Resource Language="FA-IR"/>
				<Resource Language="FI-FI"/>
				<Resource Language="FIL-PH"/>
				<Resource Language="FR-CA"/>
				<Resource Language="FR-FR"/>
				<Resource Language="GA-IE"/>
				<Resource Language="GD-GB"/>
				<Resource Language="GL-ES"/>
				<Resource Language="GU-IN"/>
				<Resource Language="HE-IL"/>
				<Resource Language="HI-IN"/>
				<Resource Language="HR-HR"/>
				<Resource Language="HU-HU"/>
				<Resource Language="HY-AM"/>
				<Resource Language="ID-ID"/>
				<Resource Language="IS-IS"/>
				<Resource Language="IT-IT"/>
				<Resource Language="JA-JP"/>
				<Resource Language="KA-GE"/>
				<Resource Language="KK-KZ"/>
				<Resource Language="KM-KH"/>
				<Resource Language="KN-IN"/>
				<Resource Language="KO-KR"/>
				<Resource Language="KOK-IN"/>
				<Resource Language="LB-LU"/>
				<Resource Language="LO-LA"/>
				<Resource Language="LT-LT"/>
				<Resource Language="LV-LV"/>
				<Resource Language="MI-NZ"/>
				<Resource Language="MK-MK"/>
				<Resource Language="ML-IN"/>
				<Resource Language="MR-IN"/>
				<Resource Language="MS-MY"/>
				<Resource Language="MT-MT"/>
				<Resource Language="NB-NO"/>
				<Resource Language="NE-NP"/>
				<Resource Language="NL-NL"/>
				<Resource Language="NN-NO"/>
				<Resource Language="OR-IN"/>
				<Resource Language="PA-IN"/>
				<Resource Language="PL-PL"/>
				<Resource Language="PT-BR"/>
				<Resource Language="PT-PT"/>
				<Resource Language="QUZ-PE"/>
				<Resource Language="RO-RO"/>
				<Resource Language="RU-RU"/>
				<Resource Language="SK-SK"/>
				<Resource Language="SL-SI"/>
				<Resource Language="SQ-AL"/>
				<Resource Language="SR-CYRL-BA"/>
				<Resource Language="SR-CYRL-RS"/>
				<Resource Language="SR-LATN-RS"/>
				<Resource Language="SV-SE"/>
				<Resource Language="TA-IN"/>
				<Resource Language="TE-IN"/>
				<Resource Language="TH-TH"/>
				<Resource Language="TR-TR"/>
				<Resource Language="TT-RU"/>
				<Resource Language="UG-CN"/>
				<Resource Language="UK-UA"/>
				<Resource Language="UR-PK"/>
				<Resource Language="UZ-LATN-UZ"/>
				<Resource Language="VI-VN"/>
				<Resource Language="ZH-CN"/>
				<Resource Language="ZH-TW"/>
			</Resources>
			<b4:Dependencies>
				<b4:TargetDeviceFamily Name="Windows.Desktop" MinVersion="10.0.18362.0" MaxVersionTested="10.0.22621.0"/>
				<b4:TargetDeviceFamily Name="Windows.Team" MinVersion="10.0.18362.0" MaxVersionTested="10.0.22621.0"/>
				<b4:TargetDeviceFamily Name="Windows.Core" MinVersion="10.0.18362.0" MaxVersionTested="10.0.22621.0"/>
				<b4:TargetDeviceFamily Name="Windows.Holographic" MinVersion="10.0.18362.0" MaxVersionTested="10.0.22621.0"/>
			</b4:Dependencies>
		</Package>
	</Packages>
</Bundle>
