﻿<?xml version="1.0" encoding="utf-8"?>
<Roots >
  <Roots.RootTypes>
    <RootType FullName="Windows.UI.Xaml.Controls.UserControl">
      <RootProperty Name="Content" />
      <RootProperty Name="Resources" />
    </RootType>
    <RootType FullName="Windows.UI.Xaml.Controls.Grid">
      <RootProperty Name="RowDefinitions" />
      <RootProperty Name="Children" />
      <RootProperty Name="Margin" />
      <RootProperty Name="VerticalAlignment" />
      <RootProperty Name="ColumnDefinitions" />
      <RootProperty Name="CornerRadius" />
      <RootProperty Name="Padding" />
      <RootProperty Name="HorizontalAlignment" />
      <RootProperty Name="Background" />
      <RootProperty Name="XYFocusKeyboardNavigation" />
      <RootProperty Name="BorderBrush" />
      <RootProperty Name="BorderThickness" />
      <RootMethod Name="GetRow" />
      <RootMethod Name="SetRow" />
      <RootMethod Name="GetColumn" />
      <RootMethod Name="SetColumn" />
    </RootType>
    <RootType FullName="Windows.UI.Xaml.Controls.RowDefinition">
      <RootProperty Name="Height" />
      <RootProperty Name="MaxHeight" />
    </RootType>
    <RootType FullName="Windows.UI.Xaml.Controls.TextBlock">
      <RootProperty Name="Width" />
      <RootProperty Name="Height" />
      <RootProperty Name="Opacity" />
      <RootProperty Name="Text" />
      <RootProperty Name="FontSize" />
      <RootProperty Name="Foreground" />
      <RootProperty Name="LineHeight" />
      <RootProperty Name="TextWrapping" />
      <RootProperty Name="Inlines" />
    </RootType>
    <RootType FullName="Windows.UI.Xaml.Automation.AutomationProperties">
      <RootMethod Name="GetLiveSetting" />
      <RootMethod Name="SetLiveSetting" />
      <RootMethod Name="GetHelpText" />
      <RootMethod Name="SetHelpText" />
      <RootMethod Name="GetLabeledBy" />
      <RootMethod Name="SetLabeledBy" />
      <RootMethod Name="GetAccessibilityView" />
      <RootMethod Name="SetAccessibilityView" />
      <RootMethod Name="GetName" />
      <RootMethod Name="SetName" />
    </RootType>
    <RootType FullName="Windows.UI.Xaml.Controls.TextBox">
      <RootProperty Name="AcceptsReturn" />
      <RootProperty Name="Header" />
      <RootProperty Name="IsReadOnly" />
      <RootProperty Name="MaxLength" />
      <RootProperty Name="PlaceholderText" />
      <RootProperty Name="Text" />
      <RootProperty Name="TextWrapping" />
      <RootProperty Name="Padding" />
      <RootEvent Name="TextChanged" />
    </RootType>
    <RootType FullName="Microsoft.Xaml.DirectUI.ProxyTypes.BindExtension">
      <RootProperty Name="Mode" />
      <RootProperty Name="UpdateSourceTrigger" />
    </RootType>
    <RootType FullName="WinStore.UX.Controls.LimitedTextBox">
      <RootProperty Name="MinHeight" />
      <RootProperty Name="Padding" />
      <RootProperty Name="AcceptsReturn" />
      <RootProperty Name="Header" />
      <RootProperty Name="MaxLength" />
      <RootProperty Name="PlaceholderText" />
      <RootProperty Name="ShowStatusRemainingLength" />
      <RootProperty Name="Text" />
      <RootProperty Name="TextHelpFormat" />
      <RootProperty Name="TextWrapping" />
    </RootType>
    <RootType FullName="Microsoft.Xaml.DirectUI.ProxyTypes.StaticResourceExtension">
      <RootProperty Name="ResourceKey" />
    </RootType>
    <RootType FullName="Windows.UI.Xaml.Controls.ScrollViewer">
      <RootProperty Name="Margin" />
      <RootProperty Name="Padding" />
      <RootProperty Name="Content" />
      <RootProperty Name="HorizontalScrollBarVisibility" />
      <RootProperty Name="IsTabStop" />
      <RootProperty Name="VerticalScrollBarVisibility" />
      <RootProperty Name="ZoomMode" />
    </RootType>
    <RootType FullName="Windows.UI.Xaml.Controls.StackPanel">
      <RootProperty Name="Spacing" />
      <RootProperty Name="Children" />
    </RootType>
    <RootType FullName="Windows.UI.Xaml.Controls.Viewbox">
      <RootProperty Name="Width" />
      <RootProperty Name="Margin" />
      <RootProperty Name="HorizontalAlignment" />
      <RootProperty Name="Child" />
    </RootType>
    <RootType FullName="Microsoft.Xaml.DirectUI.ProxyTypes.ThemeResourceExtension" />
    <RootType FullName="Windows.UI.Xaml.Documents.Run">
      <RootProperty Name="Text" />
    </RootType>
    <RootType FullName="Windows.UI.Xaml.Documents.Hyperlink">
      <RootProperty Name="NavigateUri" />
      <RootProperty Name="UnderlineStyle" />
      <RootProperty Name="Inlines" />
    </RootType>
    <RootType FullName="Microsoft.UI.Xaml.Controls.RatingControl">
      <RootProperty Name="FontFamily" />
      <RootProperty Name="IsClearEnabled" />
      <RootProperty Name="IsReadOnly" />
      <RootProperty Name="Value" />
    </RootType>
    <RootType FullName="WinStore.UX.Controls.RateAndReviewControl" />
    <RootType FullName="Windows.UI.Xaml.ResourceDictionary">
      <RootProperty Name="MergedDictionaries" />
      <RootProperty Name="Source" />
    </RootType>
    <RootType FullName="Microsoft.UI.Xaml.Controls.XamlControlsResources" />
    <RootType FullName="Windows.UI.Xaml.VerticalAlignment" />
    <RootType FullName="Windows.UI.Xaml.Thickness" />
    <RootType FullName="Windows.UI.Xaml.Controls.Button">
      <RootProperty Name="Margin" />
      <RootProperty Name="Style" />
      <RootProperty Name="Visibility" />
      <RootProperty Name="Content" />
      <RootProperty Name="HorizontalAlignment" />
      <RootProperty Name="ElementSoundMode" />
      <RootProperty Name="IsEnabled" />
      <RootProperty Name="IsTabStop" />
    </RootType>
    <RootType FullName="Windows.UI.Xaml.FrameworkElement">
      <RootProperty Name="Width" />
      <RootProperty Name="Height" />
      <RootProperty Name="HorizontalAlignment" />
      <RootProperty Name="VerticalAlignment" />
    </RootType>
    <RootType FullName="Windows.UI.Xaml.Controls.Control">
      <RootProperty Name="Background" />
      <RootProperty Name="UseSystemFocusVisuals" />
      <RootProperty Name="Template" />
      <RootProperty Name="Foreground" />
      <RootProperty Name="BorderThickness" />
      <RootProperty Name="BorderBrush" />
      <RootProperty Name="IsTabStop" />
    </RootType>
    <RootType FullName="WinStore.UX.Controls.CustomContentDialog">
      <RootProperty Name="ContentDialogPadding" />
      <RootProperty Name="ContentDialogSeparatorThickness" />
      <RootProperty Name="ContentDialogTitleMargin" />
      <RootProperty Name="SmokeLayerBackgroundFill" />
    </RootType>
    <RootType FullName="Windows.UI.Xaml.Controls.ContentDialog">
      <RootProperty Name="PrimaryButtonStyle" />
      <RootProperty Name="SecondaryButtonStyle" />
      <RootProperty Name="CloseButtonStyle" />
      <RootProperty Name="CloseButtonText" />
    </RootType>
    <RootType FullName="Windows.UI.Xaml.Setter">
      <RootProperty Name="Property" />
      <RootProperty Name="Value" />
      <RootProperty Name="Target" />
    </RootType>
    <RootType FullName="Windows.UI.Xaml.Controls.ControlTemplate">
      <RootProperty Name="TargetType" />
      <RootProperty Name="Template" />
    </RootType>
    <RootType FullName="Windows.UI.Xaml.Controls.Border">
      <RootProperty Name="Child" />
      <RootProperty Name="MinHeight" />
      <RootProperty Name="MaxHeight" />
      <RootProperty Name="CornerRadius" />
      <RootProperty Name="BackgroundSizing" />
      <RootProperty Name="Background" />
      <RootProperty Name="BorderBrush" />
      <RootProperty Name="BorderThickness" />
      <RootProperty Name="FlowDirection" />
      <RootProperty Name="RenderTransformOrigin" />
      <RootProperty Name="RenderTransform" />
    </RootType>
    <RootType FullName="Windows.UI.Xaml.VisualStateManager">
      <RootMethod Name="GetVisualStateGroups" />
    </RootType>
    <RootType FullName="Windows.UI.Xaml.VisualStateGroup">
      <RootProperty Name="Transitions" />
      <RootProperty Name="States" />
    </RootType>
    <RootType FullName="Windows.UI.Xaml.VisualState">
      <RootProperty Name="StateTriggers" />
      <RootProperty Name="Setters" />
      <RootProperty Name="Storyboard" />
    </RootType>
    <RootType FullName="Windows.UI.Xaml.AdaptiveTrigger">
      <RootProperty Name="MinWindowWidth" />
    </RootType>
    <RootType FullName="Windows.UI.Xaml.VisualTransition">
      <RootProperty Name="To" />
      <RootProperty Name="Storyboard" />
    </RootType>
    <RootType FullName="Windows.UI.Xaml.Media.Animation.Storyboard">
      <RootProperty Name="Children" />
      <RootMethod Name="GetTargetName" />
      <RootMethod Name="SetTargetName" />
      <RootMethod Name="GetTargetProperty" />
      <RootMethod Name="SetTargetProperty" />
    </RootType>
    <RootType FullName="Windows.UI.Xaml.Media.Animation.ObjectAnimationUsingKeyFrames">
      <RootProperty Name="KeyFrames" />
    </RootType>
    <RootType FullName="Windows.UI.Xaml.Media.Animation.DoubleAnimationUsingKeyFrames">
      <RootProperty Name="KeyFrames" />
    </RootType>
    <RootType FullName="Windows.UI.Xaml.Media.Animation.DiscreteDoubleKeyFrame">
      <RootProperty Name="KeyTime" />
      <RootProperty Name="Value" />
    </RootType>
    <RootType FullName="Windows.UI.Xaml.Media.Animation.LinearDoubleKeyFrame">
      <RootProperty Name="KeyTime" />
      <RootProperty Name="Value" />
    </RootType>
    <RootType FullName="Windows.UI.Xaml.Media.Animation.SplineDoubleKeyFrame">
      <RootProperty Name="KeySpline" />
      <RootProperty Name="KeyTime" />
      <RootProperty Name="Value" />
    </RootType>
    <RootType FullName="Windows.UI.Xaml.Media.Animation.DiscreteObjectKeyFrame">
      <RootProperty Name="KeyTime" />
      <RootProperty Name="Value" />
    </RootType>
    <RootType FullName="Microsoft.Xaml.DirectUI.ProxyTypes.NullExtension" />
    <RootType FullName="Windows.UI.Xaml.Shapes.Rectangle">
      <RootProperty Name="Fill" />
    </RootType>
    <RootType FullName="Windows.UI.Xaml.Controls.ColumnDefinition">
      <RootProperty Name="Width" />
      <RootProperty Name="MaxWidth" />
      <RootProperty Name="MinWidth" />
    </RootType>
    <RootType FullName="Microsoft.Xaml.DirectUI.ProxyTypes.TemplateBindingExtension" />
    <RootType FullName="Windows.UI.Xaml.Controls.FontIcon">
      <RootProperty Name="FontSize" />
      <RootProperty Name="Glyph" />
    </RootType>
    <RootType FullName="Windows.UI.Xaml.Media.ScaleTransform" />
    <RootType FullName="Windows.UI.Xaml.Controls.ContentControl">
      <RootProperty Name="Margin" />
      <RootProperty Name="HorizontalAlignment" />
      <RootProperty Name="VerticalAlignment" />
      <RootProperty Name="Content" />
      <RootProperty Name="ContentTemplate" />
      <RootProperty Name="FontFamily" />
      <RootProperty Name="FontSize" />
      <RootProperty Name="FontWeight" />
      <RootProperty Name="Foreground" />
      <RootProperty Name="IsTabStop" />
      <RootProperty Name="Template" />
    </RootType>
    <RootType FullName="Windows.UI.Xaml.Controls.ContentPresenter">
      <RootProperty Name="Content" />
      <RootProperty Name="ContentTemplate" />
      <RootProperty Name="FontFamily" />
      <RootProperty Name="FontSize" />
      <RootProperty Name="Foreground" />
      <RootProperty Name="TextWrapping" />
      <RootProperty Name="Margin" />
      <RootProperty Name="HorizontalAlignment" />
      <RootProperty Name="VerticalAlignment" />
      <RootProperty Name="ContentTransitions" />
      <RootProperty Name="MaxLines" />
      <RootProperty Name="Padding" />
      <RootProperty Name="HorizontalContentAlignment" />
      <RootProperty Name="VerticalContentAlignment" />
      <RootProperty Name="CornerRadius" />
      <RootProperty Name="BackgroundSizing" />
      <RootProperty Name="BackgroundTransition" />
      <RootProperty Name="Background" />
      <RootProperty Name="BorderBrush" />
      <RootProperty Name="BorderThickness" />
    </RootType>
  </Roots.RootTypes>
</Roots>
