<?xml version="1.0" encoding="UTF-8" standalone="no"?>
<BlockMap xmlns="http://schemas.microsoft.com/appx/2010/blockmap" HashMethod="http://www.w3.org/2001/04/xmlenc#sha256"><File Name="Microsoft.UI.Xaml.dll" Size="2538056" LfhSize="51"><Block Hash="NHryq/sYgVbsxtnozQ4cDR36TacGS7oxFosS+toT1SM=" Size="26119"/><Block Hash="jyFjINnySvAp1OFEQZsR8wOt/6B8sQlwTOFDRYHRP/c=" Size="27703"/><Block Hash="HOugfl4yrgoKDgx+Ie7CoXNdY9+8tT9kv8XfUU50Quk=" Size="26920"/><Block Hash="14S6lsf5hREsq19S/MlJDSFU0wGZ7c0JPwTSRgeG5Ag=" Size="24620"/><Block Hash="LkL4fgrMk+gyO9Wz+O/1mW4GU09aYiwg/BlyKSjrhoY=" Size="29216"/><Block Hash="ccVoGGr33TiclhM4SsxcdhS+R9kcF6A4hQMl75bWw/U=" Size="28565"/><Block Hash="V6bdAznOWvOdw33tfVN3KFRsWTQyuu2/JG7bXbStU9o=" Size="28914"/><Block Hash="/7yd6NElBIbavQzGgTy1eyZJrQ3jXgAQl9dUpbjFn+o=" Size="26332"/><Block Hash="65sw7Kd0cgrpp/E0xsA5UmUWk6i5TOjA1b2uoGbop68=" Size="25231"/><Block Hash="l1Ff31d9U25ZFta2lPMAgs4EKhcgYFxKoa/Vvpnfn90=" Size="29446"/><Block Hash="aEQI3xpoXNoPIlhsziJcDLoXTUryViPvjfteT0I9EzA=" Size="22974"/><Block Hash="mAp/0UL6gfeg5QXh6sjnTZqv7QN9I5XnVJm1LQO6BoY=" Size="25043"/><Block Hash="YF14uBvJln+GuRkzQ97gDM1m+y1rSPSUe2+8dkkKe04=" Size="29661"/><Block Hash="d966Gz2mp3KQyz9ozAw8/5rfHUn8bVgguYYHn0o2au4=" Size="30263"/><Block Hash="OWiIN74G2B9ARqm9/rULZYFUeyohMyrOXPz27to10PI=" Size="28121"/><Block Hash="7HNlQnVcaFmChtIZQqTZHRT2N7b4rifoyiHoQxIhZI8=" Size="32444"/><Block Hash="fk6w6W+NbpBqtfbc6HG99rC6BrQJuCUCfbjbUfd/6wU=" Size="28987"/><Block Hash="Ea++d/4vblhkAdd6TTxdaQsbp+LTYsHPXcxB59rLf5E=" Size="30816"/><Block Hash="ccE/VCVFd8E/JSSoC/aM9zvptrdfVUGVZhDaEeiL8MM=" Size="31761"/><Block Hash="r5mcmPirTBDMKYhb4MB1kHwRADEVZAe+cIWD20bGfxA=" Size="27078"/><Block Hash="UsquC5lWwCK4zhOJJ27woRKBloRDlAaILTm+7Z01rk4=" Size="28691"/><Block Hash="yKK+N7YZ2UAOyvdnKOyaJ0TIRdJJwHkSQbxfJDViDg8=" Size="21326"/><Block Hash="+RVXb3bQbO3N0J/34Op3TObMndCKQCraeZL9m5h9kSU=" Size="14481"/><Block Hash="y2ezlWNUYCWHx5ayDBhx8BNWbMzytes+vLHrYay+LgQ=" Size="19489"/><Block Hash="bNfgSvGpovKYfVli/6F3ScLd9yyPDfX4nWwXxD0uDr4=" Size="16023"/><Block Hash="88bqZ1ad83SXkpeEJiThbzc0qiycduppwW4M+X7WdGA=" Size="18793"/><Block Hash="t+CDC/OUVEJIz7xhl8E1pLrz9qk2SMXftUDOgUgI4fs=" Size="11389"/><Block Hash="wsY43xl3r7n/oCiwopjkcMX2u3mVgRyfJG/GZREdnLM=" Size="14522"/><Block Hash="5g98AGDz2IHutJzy4z4QtKRXJaBZdwmBugGTrrc6hcA=" Size="15425"/><Block Hash="Yw6pnjifOYJLhypr8aS+oIGfpcJqIWt1lsCJenemIwM=" Size="12743"/><Block Hash="JTlESL7NRKwkhoX0rD27fvUR2SZz6CIaVWISqHDNxUU=" Size="12391"/><Block Hash="Yz3BtYbo/GIgaOdqaxoKiKExDAlgkVaDGB66mZT/A/k=" Size="22325"/><Block Hash="ywUT20eCcsWQ0i0QCpMoAzv2b6CsZ9g0ETBwfeGTEDE=" Size="23557"/><Block Hash="Bg0inFMh9BRPs42fSAizhO4ENjXzEVcgAmVr+449nuA=" Size="23411"/><Block Hash="xYgg+byyoPRDWj+lhplNLn5Zuy7UqOYHfzoLdPFWcng=" Size="21577"/><Block Hash="Cy5QxN6KWF551T7ckyboL2kpq62ugUvG5ZNmBT6UzX8=" Size="21960"/><Block Hash="zMkScqmetz+gsM2iaqCR+dbHsYxJuTf4z7D+6RkLA/0=" Size="25678"/><Block Hash="EtSI9WV3NQVtBJ3hzAA7XHAXcsBFYoNWX/oy3uwmtsA=" Size="33076"/><Block Hash="g7S2Vgq3Py5kZ21hrTlAsHRFVSx4cyTkAecQM1LBW5o=" Size="12265"/></File><File Name="Microsoft.UI.Xaml\Assets\NoiseAsset_256X256_PNG.png" Size="3241" LfhSize="81"><Block Hash="TyqpSi40WjLa5okXa4bGRL74cIH/na74x3QXcxhiAxs="/></File><File Name="Microsoft.UI.Xaml.winmd" Size="130560" LfhSize="53"><Block Hash="51Oc/ma04g842mGnW1DC5YI3/U40PWyIM2AKZFuHZhg=" Size="21773"/><Block Hash="GnJ0RaF40WLC9SZi64e0eixwAPpth2Aiv4NDFDzY2kU=" Size="22803"/></File><File Name="NoiseAsset_256x256_PNG.png" Size="3241" LfhSize="56"><Block Hash="TyqpSi40WjLa5okXa4bGRL74cIH/na74x3QXcxhiAxs="/></File><File Name="clrcompression.dll" Size="74168" LfhSize="48"><Block Hash="4mQhaX9jJzOaLiCtUy9Xlo2SvMZs1VmmEfRUxhdM7AU=" Size="38665"/><Block Hash="b/3WrlI1jifWbGpt5diEnADEePm44OUwQXNLWPj7EzI=" Size="5857"/></File><File Name="Assets\AppTiles\contrast-white\StoreAppList.scale-200.png" Size="433" LfhSize="87"><Block Hash="C0y5vuplPpK1QcC1fjr4h2UIXpf/HnCFmS9g66Ep1dE="/></File><File Name="Assets\AppTiles\contrast-white\StoreMedTile.scale-200.png" Size="757" LfhSize="87"><Block Hash="BgE7blWR+8VEyjhdywVVJePZyTstIQ5CSOrD8IBwcxc="/></File><File Name="Assets\AppTiles\contrast-white\StoreSplashScreen.scale-200.png" Size="2422" LfhSize="92"><Block Hash="ZJyfpjoBgcpE60nH+C2ViwKvjMn6RoQhtzsidL9CP/w="/></File><File Name="Assets\AppTiles\contrast-white\StoreStoreLogo.png" Size="376" LfhSize="79"><Block Hash="FtRkl3yFGfKzwVJwRP8xGHXJ0w5oXOYrXmbGJO03xdw="/></File><File Name="Assets\AppTiles\contrast-white\StoreWideTile.scale-200.png" Size="1328" LfhSize="88"><Block Hash="EXDV6xvjuC7lyF73HaBd8ksj+j3rkpB47z+zEbtl0nM="/></File><File Name="Assets\AppTiles\StoreAppList.scale-200.png" Size="917" LfhSize="72"><Block Hash="Z4N4AT9vV3mmpB207T1px9ffmTmLe557FUBs1aM4PZI="/></File><File Name="Assets\AppTiles\contrast-black\StoreStoreLogo.png" Size="153" LfhSize="79"><Block Hash="Fb2yLroy/+HS11ENeOXZzlzEHO52d9fz1wUqFlwonCA="/></File><File Name="Assets\AppTiles\StoreSplashScreen.scale-200.png" Size="11367" LfhSize="77"><Block Hash="B/d9uV2fGmTxRqw+AKft0+lhFqH+7PiZVMgXQ9qoImQ="/></File><File Name="Assets\AppTiles\StoreSplashScreen.scale-200_altform-colorful_theme-dark.png" Size="11367" LfhSize="105"><Block Hash="B/d9uV2fGmTxRqw+AKft0+lhFqH+7PiZVMgXQ9qoImQ="/></File><File Name="Assets\AppTiles\StoreSplashScreen.scale-200_altform-colorful_theme-light.png" Size="11125" LfhSize="106"><Block Hash="vYFMnnXGwhj2se+H9FltqW9XvM1x1aC4mlg191eqbIQ="/></File><File Name="Assets\AppTiles\StoreStoreLogo.png" Size="558" LfhSize="64"><Block Hash="ckIEBQk/Z3FcITBjfTNOPDz/PLrt4mDSyhSzlu/CXgc="/></File><File Name="Assets\AppTiles\StoreWideTile.scale-200.png" Size="5336" LfhSize="73"><Block Hash="AYqXPXrtfEBDS8yZLk2EgkYQhIW2DXApQszHB9mEHo8="/></File><File Name="Assets\AppTiles\contrast-black\StoreWideTile.scale-200.png" Size="943" LfhSize="88"><Block Hash="Xwy89RW1HNTXz0LMojtd9I5986k5+1nYv1YWdLixl/o="/></File><File Name="Assets\AppTiles\contrast-black\StoreAppList.scale-200.png" Size="212" LfhSize="87"><Block Hash="LMhh0UQrICWXlOyJA348TXOT14rooYKohOWXleVSdOk="/></File><File Name="Assets\AppTiles\contrast-black\StoreSplashScreen.scale-200.png" Size="2545" LfhSize="92"><Block Hash="NbyNIbV9BxBJf/v5rqWAraxJCToxFuUsp/vbTmDBa8Y="/></File><File Name="Assets\AppTiles\contrast-black\StoreMedTile.scale-200.png" Size="718" LfhSize="87"><Block Hash="LDK1T7kj2eRMPtiuOBU9DvYj/hRTFu7KCYlIX6v6zL8="/></File><File Name="Assets\AppTiles\StoreMedTile.scale-200.png" Size="4629" LfhSize="72"><Block Hash="6ckmrX3VVrA6FRDppcGopNo42F8dU00MigFRzdz66Zk="/></File><File Name="Store.Purchase\Controls\Xbox360PurchaseHostPage.html" Size="5306" LfhSize="82"><Block Hash="Ad2NSjOcLVk8MDxsBC+1yPVk1aUW9KZ6iN4DWy8kKFg=" Size="1885"/></File><File Name="Store.Purchase\Controls\SuccessControl.xaml" Size="2184" LfhSize="73"><Block Hash="O3zzMKG1a1LFu85UYdmIl95oonJz3CNNJYsZ5vIWOoc=" Size="649"/></File><File Name="Store.Purchase\Controls\PSD2Control.xaml" Size="1614" LfhSize="70"><Block Hash="zE4UWj1JwMbkFbpyzBFj1uQ4sR9+VYyd2929TPWh20M=" Size="583"/></File><File Name="Store.Purchase\Controls\ErrorControl.xaml" Size="3692" LfhSize="71"><Block Hash="o+CpUVhi0dVamqFqLSaZg+42tlu42IJMy1+71JGsu1Y=" Size="824"/></File><File Name="Store.Purchase\Controls\NativePurchaseControl.xaml" Size="7586" LfhSize="80"><Block Hash="PCr+GfC3rzaPkYhC2PxpcUkzPxrfduIn9KJSHtG2J6s=" Size="1412"/></File><File Name="Store.Purchase\Controls\ProgressControl.xaml" Size="4985" LfhSize="74"><Block Hash="MHYtwOnY39ijU6bk0ztFXik2+k9Qb3qHDkSmeZzdMI4=" Size="1131"/></File><File Name="Store.Purchase\Controls\SignInControl.xaml" Size="2040" LfhSize="72"><Block Hash="3GAvJ7Wu+HpeL5P5l9cHA7t6n26FMxBn64YBU0ZQXFk=" Size="598"/></File><File Name="Store.Purchase\Controls\WebBlendsControl.xaml" Size="1681" LfhSize="75"><Block Hash="hcBhYi5xz4hujz3pbEC7RTa1WBHERAVVw2IzQYxS5bY=" Size="612"/></File><File Name="Store.Purchase\Controls\Xbox360PurchaseControl.xaml" Size="1464" LfhSize="81"><Block Hash="+Xj9B21vfp4/GyCz1fMPib7L1lgSzqU+EWO/KUxULDc=" Size="625"/></File><File Name="Store.Purchase\Resources\DefaultResourceDictionary.xaml" Size="35490" LfhSize="85"><Block Hash="10tK+IvQ2WhLaYjnW56FIslnnGDBvLVLxKJizIeOHwU=" Size="2406"/></File><File Name="Store.Purchase\Resources\XboxResourceDictionary.xaml" Size="25514" LfhSize="82"><Block Hash="0E5JRhrxvjAqJzSMOG8OCd8pjuu4rfb2aavY7WGRiYs=" Size="2164"/></File><File Name="StoreExperienceHost.dll" Size="17443840" LfhSize="53"><Block Hash="HdaxJnJYFWI423wZvv55Dx++lGlbz5ErHqNtxKwpiJI=" Size="17278"/><Block Hash="fWcTKt7UXD8V93D+1svyILcvRaXE+7CUG1MqXbG2Kds=" Size="12172"/><Block Hash="vv3VnphegjpssStVebebLH3X2kgOKCZMoHYT04VrZYw=" Size="8176"/><Block Hash="Qg7CTg9E0YDb0FFAqr2FAoSPzxGKh5A0ozXy51w42Lo=" Size="9927"/><Block Hash="hN2LyK4aWV5bq3Kq7ITwoBAizwj+/0gu/RFYS/dA2gw=" Size="12896"/><Block Hash="Y+EG13Een5AZr9V4l55PSyEISMoUcAsh3hp2NypvQbI=" Size="12300"/><Block Hash="M0tQ8xwBI3rFx3pt2awVAs/pM9vVbuHEDkkEhAQoApU=" Size="10131"/><Block Hash="OiAkvRRwLXDaUhmua2bUHE9xSGKck69UzfxBVjwVcPU=" Size="9058"/><Block Hash="duYGHBong7DWGrWGKor4u5jzas/gV0rcN5aJ2woSFSw=" Size="10003"/><Block Hash="jNPGUdSRiwDmBKjQkxPHU9Qr6jVMFAij3ugN6Z+C5lg=" Size="10365"/><Block Hash="R30NInnsYCdmGV2u58lwKa2RSqiSOdH3Dy8cMRJeBNg=" Size="12097"/><Block Hash="UAUtHM3YkgWqmRu1AFncfEcLAGmiDBPIgpNihVVPMpI=" Size="10842"/><Block Hash="KWMHR09tHxOzW6a3FXznWxgg7TrAvGFSD+oXiy3BFIE=" Size="10825"/><Block Hash="0iybr6x6nOg1dqzPBoUwgjaYu9RIq9+zGEiw9N4lXE8=" Size="10651"/><Block Hash="XijJzAC/3NVq/+ME+TioVD2fk76azY4Uaus2D0EdAZo=" Size="13151"/><Block Hash="l+OAVkCxgEuLI7BEYjwEstdu0BKqZp4d4apJ9nJdYrc=" Size="11279"/><Block Hash="Wh+i957VJI+l+zxdnlfdRGrPCwK6HeaS6qm9n4qbZMY=" Size="11719"/><Block Hash="q1bzOKOFbzV6z1skPGDPfyASxmODdT/DWbwC8g21um4=" Size="15534"/><Block Hash="hxOaCgDiEQ1+yyhWt3SPpi1zeL+R1ele9nxKm0u85CU=" Size="15192"/><Block Hash="TR7TzDVc2RSsf8fmI028Ifd3BY8Ozm/Uf3e2FWySsc0=" Size="12183"/><Block Hash="wWf1U842fn966FEvVKrx1RPbDcA3dx6EdjARf2FUxHw=" Size="12482"/><Block Hash="T1fAswNqEqFIwQHIno+L4UpQLALRI8CPgAEYP+jn/To=" Size="12744"/><Block Hash="r3ieURUR81J3i6VgQ2Tlavr+C90P0uk3K2pCIkVy3yA=" Size="14817"/><Block Hash="NxgSKATKiLsCMxM6YzGHtDL310ccR5x/M/ZRkvLvefc=" Size="15931"/><Block Hash="CIx7MdAjCx4pbgDGJle+0g1y0oaC7iUUe1ct08tOqB4=" Size="14978"/><Block Hash="mzE2T0HHYUi7/PSdluOgDrNQgyVujS/FAcbWm5YuvaM=" Size="12183"/><Block Hash="b0w5kZ5nbQleHQyqV6e6g3DrSw4fukBwteCIqhc7lT4=" Size="8222"/><Block Hash="DtafE2z/HoWR8+bL+Cwge3zt+/Tvai4kqNMPR10LchY=" Size="11885"/><Block Hash="j9rDJ7BG3X3HX0ggjOp7vEZjoTvePqAfxkc61FhmhQ4=" Size="12791"/><Block Hash="prXjPq2q1QLwAS0T5bzdv26EZRLiRZYyVy0vSsF6AsI=" Size="10999"/><Block Hash="IjC09QLyo0b4JMDo/2jEkND5gPwczuAmdQMk9RaKrgw=" Size="11648"/><Block Hash="lTHnVuQ6QRgSvY5Pk5lXzHHzmmbWObYBkq1GuUk66PE=" Size="15339"/><Block Hash="Hzp0CIGZGKfCHMRqmACrF9U1My5d5kz5Og7D27T5zqw=" Size="15488"/><Block Hash="/jwbprSnUKvgE7536/X1yF5X4bIC8LY3QpwoCDXfqKA=" Size="13175"/><Block Hash="IRefDplu0OVHr9G+Elklu57hR7U8Hre5U1xx3/RPTm4=" Size="13324"/><Block Hash="l5Xx3zNlI6o9n6CmKntEtfhoHTzrsYR330eYNUxpZHo=" Size="12268"/><Block Hash="1yoHq2srZ+5T4gAXD7Gi2CzbvDf3h01Htt/Nf+h3Pk4=" Size="13364"/><Block Hash="Sj7Gvnj1qlpc/aToHBh+cTXuiuEu2UEYJXhian6j7Js=" Size="12063"/><Block Hash="HEHx3v3KLdLZJ9K+3nnzmq9MJPdvQK3Es1cAjzy4r0s=" Size="13769"/><Block Hash="er/48k+pxc36tNr5txvEmaI8KBh4omG5dsAErXJtSqw=" Size="6886"/><Block Hash="R/5mvEOXiuSAx0KWYfp9S+Ypg7/XAq1IYDA0YNcjV+o=" Size="7156"/><Block Hash="PSuJ8MaU/xWW6N/dXA2Px6/TQM/fFH5jW+s7SCE4GDo=" Size="13012"/><Block Hash="VRRjzAYham8evngx8IAvq7SUpHRhrlbUsdsxEhlqDiw=" Size="12425"/><Block Hash="J30P4uE0OP4LX4CION29wZivZ+zMVNIfsfU2HWtrVec=" Size="13911"/><Block Hash="ketvJ3ewcZIyL2qw9LLCjAlRPewGSFYSX+DJQJfd5DU=" Size="12681"/><Block Hash="7Fbq7zvHBa3t9ZhqCqkuZl2Jhwk/QUQQBVZZZvGiMZs=" Size="12610"/><Block Hash="0TokjTROlTFKuBApPHOgkLgXTjEj+6mtOg/HSazsNFI=" Size="13337"/><Block Hash="nJfbowtQ+1lhW+sSlvhXexEcYN3SO7Tf0ELvX8dSc0U=" Size="12641"/><Block Hash="CKapPMwfsfs0NG3TbCGQj/77lI+9A76Ve03OztsUpgg=" Size="11885"/><Block Hash="naO/riCtAvaUMPT+Q8XiI2AKniD2dcu1qu/gp+Dhcjg=" Size="10628"/><Block Hash="W3xeTCO897Q5+cATi8c6ekyWWiqcTPCaZRYSFL23ACA=" Size="11387"/><Block Hash="TTeHQn38YnTkSVzgaXYZDovcnjM9gP33KOavBaKL/KI=" Size="24872"/><Block Hash="tAYxJOl8X2uYGqBq0mnKX/TXZVjLMNZ/8jSvWz1e2MU=" Size="26997"/><Block Hash="mliQMG3+2V0O2OAFUz36FoYtinuK875jnFL4/vxNpUs=" Size="28611"/><Block Hash="ZFrXP1dcwfkZ/Ek4PZnGNRWkOM4AqnW2d8pGv7bERZs=" Size="38357"/><Block Hash="EeqpOhisxlDhT3H3T0kFHWZIfH5XtuHfzFRrOFPyvBo=" Size="23300"/><Block Hash="Aan1iEQMxHaRtbhZOWU1e2B9R4ZKBzJjXHptmDO1At4=" Size="48161"/><Block Hash="MeKBbDur8NcvxYiOLj4S9resrvNHw3JXMfYpMZZRNqg=" Size="41012"/><Block Hash="vH2IsqXCVBUnCA1vuZIpW7nqMby+zFsvZUq/s1PDxmQ=" Size="46824"/><Block Hash="8jYmu2cff03QIUOCeU+xXwpC1XVb5whqIkHYjayXPRA=" Size="41081"/><Block Hash="VtNRHPiWYIfBzEt8JmVm2jcV1nCIfkvFEhoi2KG9zqs=" Size="32242"/><Block Hash="TvXoSHp+lxE/OPeSr2wUUA27icHOrHjQR4YRlBXOMZM=" Size="32925"/><Block Hash="1R5pbFHm2nEvIuIpvegIk/Hrr0KXq0+0NMlDldoB6oQ=" Size="43656"/><Block Hash="a4zyh+qaPVT95wYcjZJTHrbdzRCBFjNsb5IZGeO3WXA=" Size="47274"/><Block Hash="3ZXaZM/BxJ3TmAKBr2G3MlW+3p7BSfcKn6xHf+MBkDY=" Size="29613"/><Block Hash="PPzGNdPxQ5eGSHle2ro6rgyi66YKXZQwpNHSUCLJMlQ=" Size="34639"/><Block Hash="fSpBup6GyOxcf33DLIdtCJI2GrFOiThmToIJfZXPE8A=" Size="37612"/><Block Hash="zluzOLecWMok3oj6TfwlGi5Ogq6CWk/o8mrtaASGkiE=" Size="36966"/><Block Hash="d9HnjUVTgdVMVS7/hlkhHXHlKuFdAc/es+QJsqsksio=" Size="37627"/><Block Hash="iOVjqFGJnd8ri+cfaZaSzsgCP/7H/WpdCU/rdX8A72A=" Size="33251"/><Block Hash="3MR7Dll6uWGebYAHxfu+Agq6GDYyz8kls/5S2z9S23k=" Size="32940"/><Block Hash="AbYUYKnn6zZ31HPpPtaE1TLa//otPdYrdpd9Z+K0PzY=" Size="32387"/><Block Hash="Q8UKbKTsdxruTG+54+DYsjE9Oohff81rXHEYabke0Hs=" Size="31814"/><Block Hash="6EgjY2XF650PYrFdmrTsKlATfLLpSWZeZRRLaa8jmaU=" Size="33449"/><Block Hash="c8a4uIfzyQNNP2S20noVvoOe5Pmy11HqJg+C52BFRWU=" Size="31456"/><Block Hash="oM4Av4lOjCFrcOQjZHJjblj8YX6vC5Cczu7aM54o87c=" Size="33212"/><Block Hash="/eygB0zdkrcNnlLShg/fxtv6xfpBBXvIN1EDZwAwLUs=" Size="26659"/><Block Hash="MTkGENGz9ZCH+3TggduFDxobSFcmChtGffg6NkOcwVQ=" Size="28641"/><Block Hash="fP0I6hja7XLGdfoOOzO1i8JbqskuwczRN0qEeBZBWvw=" Size="30278"/><Block Hash="V04iZNLIFXR2g3kuUMXr1NLrmEuAEED5ZcTBfk3dBTM=" Size="28400"/><Block Hash="vmAcofB+pYqM8Cfen5NmCo+VLLmYN/DYzrNiZ4/2JRs=" Size="29317"/><Block Hash="wYhzfY8fMZm1MCbsfsFzur83jXoqQu3eTfuCT2mio5E=" Size="24279"/><Block Hash="PMSYsEnnSRHEWmKH5sTpFxVfHIFW97+aBNIlJqyhW2w=" Size="25536"/><Block Hash="UXFYVCC6roxr+M1F5LiKNk5G1Z/FaAhYZoIxxQgLe+k=" Size="35074"/><Block Hash="0/W8Hok6u6kTPmirV5o5VsSlJwk9YFT/W3oZoYoKrGw=" Size="7206"/><Block Hash="wGLjWQ/7Qmx8KwQep9GCqXzy87Kc9WdZJ8vIfiyUjKw=" Size="10718"/><Block Hash="x5rlLlIISKIT7hLmlYcc02zjOUpg5E7d2IXwAs9NFHs=" Size="17582"/><Block Hash="1Z/VLiv+oBLSLwx8qfajr6WmgYsfCYuyFF+hkfb/N9A=" Size="22677"/><Block Hash="MoQeoH/valCu+faaTYTudUDJlvNk8kdLtiCKhEuPQc0=" Size="21696"/><Block Hash="ngyJT9xG5cMJXlvAH3yvc2jCe0JYE0b6SRZg+2eEIw4=" Size="18839"/><Block Hash="qqC2F0MOIZ/jasBegSqU4EnREOfLjNTun24t3Ez5nNM=" Size="22088"/><Block Hash="n5NdRB2b8G/9l1CRNmquQ2YpDgBKyAfMQgNVUP6K6vk=" Size="14043"/><Block Hash="7/OqVeIFaLNdy2mxlEwZ5wvQatZnv1SiOx65zxqhEDU=" Size="18204"/><Block Hash="OdbvsFDFgP1G3ynZLVha32+G++szbMJH0KdWXY8R9JU=" Size="13146"/><Block Hash="LOj97RYeHzzvUpgbAw0yO5SRuzDI7DCspKOVk//VPzY=" Size="3898"/><Block Hash="FpZF10dM0AfSf++rnd6FkO10tHE9fqi9Qohu1wbrHwI=" Size="29570"/><Block Hash="/wdqPgv5R55dfJmJpH8fZz3Uuh2HG0mni3OUrlA2f3g=" Size="24694"/><Block Hash="ueKdFwp8PLUPKpsE8GYlmKLNAPMkbH7NvAutAS0iChk=" Size="23708"/><Block Hash="RL6FoM+QkeGMJOMT/nB0ih5XNbMSVWXk9SICWuE1b1A=" Size="41611"/><Block Hash="uhjpNbbHx1LgPx8CKPfassGSFEV10slEp+e76XdD4No=" Size="57174"/><Block Hash="TWueZoOaeav9YjG7PjKNIRix/yA1tAPxFBjWk6P+h3U=" Size="57669"/><Block Hash="Yid0hPfD3dGmZDGARy63t26sLwvL3HVhEqpk41/jCQg=" Size="31737"/><Block Hash="ypNZnC1zl3eRIBTPqkCpHBtRPefAy4Rdnpzd/Sei+r8=" Size="28552"/><Block Hash="GCd1sU3ZhZ1Ypm6T582a5H0I3vGtD5GzNLATXb1GiLY=" Size="32847"/><Block Hash="M9BBD5KSu9NqW42ylLayK5aT7IUGzMCQGIbuGBpJCa0=" Size="31829"/><Block Hash="8i909BrvGklwIEOzx9mzK4Y4IYsi9CvShApTcmCmUxM=" Size="27342"/><Block Hash="kv9LdOqHdQmUmlPmSJwJjLU/rJefCe22LaGMmUa94aA=" Size="47615"/><Block Hash="qaofBW/ofBsIfLStOL3uBhFR2pwVomgzVN+fpnhY4Tg=" Size="31668"/><Block Hash="4l/JkF5yqgu6WzlxVMo6rQ7FfmQ4KQwbs40a1XOzAqk=" Size="22217"/><Block Hash="kxWh/LWqtXV9S5+5dPmoNIvIGKAvMNud9FbnAM18jZU=" Size="7384"/><Block Hash="nXTlnwZ5doTeNvxOVaLzYDqrILF+PaN6jpc/ccwhYYk=" Size="47030"/><Block Hash="SBodoKJqLfTLEi7hyi4LXqWojkqbmbY58+I7nSp5/Wk=" Size="50417"/><Block Hash="rfj71cpfXvpn/M2ntL2u29usfbIg8KSBANqwGODWVLY=" Size="47682"/><Block Hash="fDuLlSPzGKWsM3phbroyVc6eZ62k570tLbt/8olAZf0=" Size="46551"/><Block Hash="tJyx+PZlPOgl8KLrkj4Vf+ZJpTtKbqZpwjxCJuHIOaM=" Size="48568"/><Block Hash="rJaTqf1TIt8N57zmYge32+hCivnmBMVDQQDhVZUsdsE=" Size="47748"/><Block Hash="4kuwgbil2n5XrItrjcSGRNkPntWUDGZy02xIHSt3+tw=" Size="45663"/><Block Hash="FzOWSY6ygz5yHVdk8z3f0KZDxWmQNqK4KAtumvwjy8A=" Size="44948"/><Block Hash="P09V+XHjJbOpMgR8tAOKCvgL2x9SGhWHcv2E+ajyH4M=" Size="40724"/><Block Hash="dToK3yZarerE5AQ1OCrZHijp5tFCtKcnsOVVM29n9q0=" Size="14777"/><Block Hash="eY4zWS9hwHreB5fJZThRJTJ1v5Cw/xeUbshX+kK9KeI=" Size="4719"/><Block Hash="5Egiii4u/Ag1IBuJExii0bAO1HlycMUYjv/GxRvVSpc=" Size="11097"/><Block Hash="inPR41n8JJozFNb4wjAvHHNQnLgcGwAu8Amzy04zn1A=" Size="10227"/><Block Hash="jQiLiGFWdr0uEuqGkSr3XAkeBnjJomvARaLB8IK/qMM=" Size="11998"/><Block Hash="4LwF8r2gfeVzZlMz09fyzEXB565HRAZQGu8F1InHrr4=" Size="12728"/><Block Hash="4/Yq2HcN/mjf6qOJpWJNezUZUnD0qJa+BWV3+NhBVDk=" Size="12678"/><Block Hash="OE855rqHvh/r2OXChsj/tJY5FaOJbe4ufpOk51TyVJM=" Size="11786"/><Block Hash="k07yddAmbGyMuq2c0q6a3xLhKSdeTu/VGc+bJLHLn48=" Size="13937"/><Block Hash="bODAO0c5MV6YQRmd4cAQGlIkFgiNWm4cLQXje6u2QH4=" Size="13099"/><Block Hash="yuw0mQ8fPEIOXX2j2e+s6k23fnwM/tI+WI+d1IwSmoQ=" Size="12346"/><Block Hash="KDLvkKascssmatAFb9auxwN3XRgurYsePeMaUavl5fY=" Size="15368"/><Block Hash="QyGLr/smj8x4lIVMz+4ZeBy0Qc35FFvbA0oxM9/jmPI=" Size="27130"/><Block Hash="Gsio/5r3CK+kbsdreoX2QlGARJVrlStOFDCFKes13A0=" Size="23621"/><Block Hash="ejEXjSNw95knNl1f3DfQsCb2SBWePpgTiH0A9XJSjVU=" Size="10417"/><Block Hash="hJbapjmjSWmslUETF4WguHUZvnmzPVjlphXvcrUOV64=" Size="12208"/><Block Hash="QWwy9L4NiXMRxt7p5L2Yif3aJ+coLISdFeznTZuBAnc=" Size="13008"/><Block Hash="FfLIggOqxoCi9w8t58dI5ioUDa6ImfpFW022P81VCpM=" Size="11590"/><Block Hash="DQz7qZGYVD/+FVx410v3Y1C35x2qQzv5YlxRnR6PHGs=" Size="10504"/><Block Hash="dhprer+uEg0YCL2+mNScIAD4DSxA/sgLjlii13WQVjc=" Size="11664"/><Block Hash="XFrsT557k7z9RPd37r3MHx1DRLZdCa3YJZIkT6FTbic=" Size="17654"/><Block Hash="DiCLPqHrhWmUks4EB7pxi8uEUE8Sr3MypZRdmvPkd+I=" Size="28043"/><Block Hash="cNCBHdQiw0nZO6UUijDg7zv7ZdyRBQ8fbD0T7y6UGqs=" Size="29567"/><Block Hash="ioOSS/rhwGFPOOps5RiEI4w+RIyj6DAYZ6nL18BEWjs=" Size="28203"/><Block Hash="bwLscGVZEyRbusrxo//8CATaWyS3LQyx9SAZ/g/wA3A=" Size="27556"/><Block Hash="0gN5FIS4yVQE3gKNGMIeEVHW1lD5WkTxK0Pv7+2CJhE=" Size="27117"/><Block Hash="s3TY9Q9SJsOpsYry1e8yRLlJlB9KwI923gA056o8Q6E=" Size="27415"/><Block Hash="JVO7QM0BRxx52N62irxiofsot5MOpAOZMbZBX6Vw6zs=" Size="26533"/><Block Hash="9WItVtNrFu5zcY1CShGE+wXnh1+1OfR0yAlsbNfpdnM=" Size="27473"/><Block Hash="wesha8XQYBV8xjlRsvpk9/PeDQdaXHrmL+Kbkh/Xwh4=" Size="21241"/><Block Hash="Iemgt/LXdUeXq5BxkSgJcz3NWL/ia+bLIA9FjfuDv+M=" Size="26651"/><Block Hash="lWr6yjvvlB2blSxN2o6CRiM4WGrWeZ0XdwOsqM8en9E=" Size="21121"/><Block Hash="Cmmy17R4CAeklNqxGXYGOMmdq1N7iM9LHKyviJSj29Y=" Size="24303"/><Block Hash="rS7lNMNJSdGeGTAHUyRVjEHwM1UKrf2k6zwfxglXt+M=" Size="20863"/><Block Hash="BAQvGKWy++qhrOEGl2qPdCzLRsAfV7EIJxnHFW2OpBM=" Size="22470"/><Block Hash="clwecFc/9KxF4F2e4xYsl0powwKC7Qh2e67ln7c6BZo=" Size="21775"/><Block Hash="ME6hyXWWver7sU40+fWD4WbH9JVjnLKMO7Xp9YgOqfU=" Size="19802"/><Block Hash="djjTohBmcljFMkNiy2sBi4AkmzFcRqVLDs5uQ2dtL/I=" Size="25882"/><Block Hash="rDmWKfq8QZg+ZuTctT4KsZntRbXmtVVZQSq8z+QGd7g=" Size="19817"/><Block Hash="CLpXLBL9ajK+cICYpAeR382myc6qY6Mv4km6yhLTkx0=" Size="21089"/><Block Hash="IckPwNrfRt+FQ2w9m5YCHa2FnTU5AsFi4W+w/cggqe8=" Size="13385"/><Block Hash="cDkY+zhydi8le0nQLFptIBOP88lg1lRI+sxP3vjLy1Q=" Size="20632"/><Block Hash="8o65Ez7BmX92vGa0TD6FBgaWx9szeVjHJc/TT5BWR2M=" Size="23855"/><Block Hash="BVS+UiAZQ83IcO9aH78cPRJyK/PxNgWU5tNdjR0UJjQ=" Size="23556"/><Block Hash="x00tPXcAvKlqYFv5qafFCWY1YPx3umaAbru/+9KpYMU=" Size="27300"/><Block Hash="qLM3gragX4OmmAAp3EigKx8BUxSgNpjoBV60g+RDY/k=" Size="18845"/><Block Hash="QIKPXfKPad0N32ZueviJwrIq/sKHLZhjoKmnOuWYe6g=" Size="23101"/><Block Hash="JN6vxI5gkQKDrRSHVT2EbFM1it48RKeM3OllH0ztcvo=" Size="32882"/><Block Hash="ypNzRG4jAsYQ6E916b1ZzbbE7Y+OVBdQRKjA6Z2NXto=" Size="33907"/><Block Hash="b7GGR+jpmMguO5EBBVI0rA3p/1IHBV8k8PDizHeaUJQ=" Size="31931"/><Block Hash="ofaXtU4hZDpWffTbTklwOBcsxTaexAmZ9f0sYKGGDG4=" Size="24335"/><Block Hash="UTZ9BpFjxJWb+GTnJ6V2HyziGccMukA2NW48tZ4sUYU=" Size="31896"/><Block Hash="Dqg9wNjl9NFnKmKTlYSnvM7SVsKEKwi+iC4baeplnZQ=" Size="33538"/><Block Hash="eGxR2R8dv79EcWfZITUCZUT0V/7nGX4FyfS+KzRTWKI=" Size="33206"/><Block Hash="y1xpN5LSFrFDBVR42jsBgzxqi/S1DxBv7b5FvevqF7k=" Size="30152"/><Block Hash="eIV8I5tsFxTH9R5Zj6gmrdJlIbhqMrbmfJA0l7xkUXY=" Size="32407"/><Block Hash="DuxP3WfgN/XKaQ+38haEVZD/pRPbhJ0Pj9UxQEOH8uo=" Size="33640"/><Block Hash="B9URE3wa6nazuPxfgw2XJMkW8hGsYKhV33gvEyveKss=" Size="33180"/><Block Hash="zESd2/l3UsSwt59pwWopv8LHh2aiWAMFYccn1acSGNY=" Size="34246"/><Block Hash="eyIcijk+65vK2M4MUjMG0LGEQ6ECWPiirJHwi3P/ob4=" Size="33064"/><Block Hash="JazraFCZhz90bXqeEiGYD02wyqa6EaaT4ipwNjzacmU=" Size="34958"/><Block Hash="gdMubbhPntRu3D760pPty08TJq3GBNHUrBneJVQsTaM=" Size="31989"/><Block Hash="gSRVeuCRJ3QWh0h4Wk/9t/BBvmYIDhlZcnelN2renIY=" Size="33490"/><Block Hash="osaBZ39cikj//t8b8ukJcRl64p2Hevil38gIfE5AcmY=" Size="19972"/><Block Hash="24UoCu3WhwwGP9zoOxqIb8V9UEe1HNt7Of2sLVHoVGc=" Size="20034"/><Block Hash="c4xHR7QDFUWBmsyiqzQ+hkUO4TpXkEGe2qOLgXIv8iE=" Size="27756"/><Block Hash="MS54uM5Mk555+CabixuqwALHwks4FMd4z9z1laT3pcE=" Size="27627"/><Block Hash="llLVNidECcjJ5HhDL6HM60rIAbrufe5Kfz7kVqzsMw8=" Size="15841"/><Block Hash="VhsxbG0usuKCXYqK+pwi1kET/Qse79CRR12VSgygFgU=" Size="15088"/><Block Hash="gx/L7+mhzi30uGu0KYeJhBydrB2aLDs1EYmyB/gmGjg=" Size="21257"/><Block Hash="lomSoaFu9yAZ6rAV/SGXiXWLFQyzeqNyE5abBYzr/b0=" Size="32509"/><Block Hash="NCJ67U5dzdYGY690GFSGWa0HVIHVDy3q0HQOBXWLK7I=" Size="30557"/><Block Hash="YROxaKuu9vOOFLcO0oNT7SbOWY/au9JIhqFXppnQadA=" Size="30908"/><Block Hash="Hr5qMyfrjG8K1KWMv9MJjlBO1BVMIoVwqdXhOgMr8yc=" Size="31457"/><Block Hash="IegnZP25AWlP22VB+bR0oP5yX64SgybKWEtkkBlPrOk=" Size="29315"/><Block Hash="kRcaQqsKlvB0M0VZKjVFC8Povk7dA3ht1n9C+6KDRfY=" Size="27174"/><Block Hash="YH+x7ymGVL7vF9YdNj16lZvpcomq4BgknL/6jXlYx6s=" Size="27552"/><Block Hash="ZiuF7XMb5oR/Crc37yq+Jt/+cnMEekxfvrADzlqL7R4=" Size="31731"/><Block Hash="0aXUt8rstwKNuAUWxr3EhVJe1PcySbUWXMgi4duR/Wo=" Size="28861"/><Block Hash="UtK2SaTUT4sCZA2O4k/IB03fdqSchBABSjbyVEGVzKw=" Size="30110"/><Block Hash="Cxvzxo93WklXMQSC+bxkipztdNKxqxViYeHbfXjxYHo=" Size="29694"/><Block Hash="mefzR6u/Mn2GyAt8Ab0zF9s9hrm9D9h39Lfp2tHsPqA=" Size="27058"/><Block Hash="rJq1X9cf3vUnaq6fHORzyR81wLYX8gNmKzIq0mwhYYM=" Size="29185"/><Block Hash="Qc48pNDm670Vz+MONl4Hq3aIGPOyondDmVwrx4Ksis8=" Size="19367"/><Block Hash="fZC+s6TeR2Z6yop88gQKXd+2cd+0F7Sx8yVse77nAqw=" Size="12393"/><Block Hash="sy9HyuOfgjySHDZvNByA2s7YQ/XCuk35dUdyS5X3AhM=" Size="30540"/><Block Hash="w+/JK/49ShFr0/qASdIR+FcJCBMnVII1iF4Hw/t2fbo=" Size="31534"/><Block Hash="BWuZ06/wp7UqoWeiG1rUJ9Z0Tvk43FNQkTzTO8f+Yjs=" Size="31722"/><Block Hash="gabRUM2IHdss02ke9b6umkAyKJVE0JgHjCDTN/SAOdQ=" Size="30909"/><Block Hash="wUASgpqLMZQmXn8cxiOnmOgwiotT6Ypz1JcgFZq7bqI=" Size="32470"/><Block Hash="LpGU8qPq5fXEqdNr2Mry3KQMx2pn2lOtOXKH1BzyGQE=" Size="30047"/><Block Hash="6mNWBcgPA7QoXtWQcWHwIefLAOZOswnAiJ1HtDOTK3M=" Size="31011"/><Block Hash="O+1MYGlFM7PpqgUJJhqp9MERRp0o2yra1w74/XciVPo=" Size="28702"/><Block Hash="RM8rQm6oQ0apWF6fFxM/nPeafyE+x4jD2SYMRMxhuP4=" Size="28344"/><Block Hash="Wr1cziywLHtcg9loKOYOYTA9KuzNg9eK3VNtTPaZ1WU=" Size="30491"/><Block Hash="ufTx2nfdh6LMs2akFilnjL0nfD0hOKZqbhxcvfKFOFo=" Size="28733"/><Block Hash="2N4nVAz85+wLN8X0yOywqDlOXXZ5gA2dlyLPty0D9mM=" Size="25963"/><Block Hash="3FxNBNzq1ub0wCSYeUYgZfzw0Hc0cs0+bgrvRf8QCqE=" Size="27278"/><Block Hash="V/xZ5CNUgF9cgkRkQlEsUEKJHybZjGxpr8/9POz7aoA=" Size="22215"/><Block Hash="pRWMxYSyIrbPp5IMmnkX0cX5gL7s5W2EUHTy3dxRbig=" Size="29032"/><Block Hash="dEmxPTbUbXAaZmF0RvAl//NDC63j4B12IlPlHYlgIPY=" Size="19988"/><Block Hash="f9JtMl66BEs+shVe6In6E34QA/OBvLyPxISMOI1jC+o=" Size="19216"/><Block Hash="iEBeF4IVBL677cbPTdKR3Rgpv+nVfzGWnYHsSNxdna0=" Size="15705"/><Block Hash="EsfY7OSjZNir9iEFCmuESLrUx1ZWXMMphJWXh0VLjNI=" Size="17054"/><Block Hash="rCIhjbFQEDlb4SRdexXoNVO6EbMqquPffJ8SycUncoQ=" Size="17969"/><Block Hash="qAlA2TCx3LYWwfLgFTFTtWG7GQdLNuZUhqrUYsY+qJ0=" Size="20042"/><Block Hash="lG+GQxdSA09GOwL2TRNg1mmqfN/2RQSeMyecwpw9Wp8=" Size="22605"/><Block Hash="xAjKN1Wo6FMFOgKoRGS+NP45i4r3bH4UqKexjt5fLzQ=" Size="22492"/><Block Hash="cclCV+lj/NnbrRWS6BNRdb6RBl8VoNQZQaAc6bn3eLc=" Size="26090"/><Block Hash="djs1n+gXLGBRwMEzIDm0TXkm6rMpbWkQ3BiNa5M9G2Q=" Size="26614"/><Block Hash="mzNoAPc45LHCF8GZJ0OgLy845Pq4oGDm4FpKg0bEyjY=" Size="20663"/><Block Hash="Bd+ExXttLQ/4ND0gbCToB2eCMJCRCViRaUYUdmukljg=" Size="21771"/><Block Hash="b3bMhFlyNDQhZY32G1eqd/PaUYkeYyRKFfI76g3IABw=" Size="17942"/><Block Hash="DKtWuME2WBxf4T0R8Wkq4uO16KQiLWx6Z2PkZEgLMok=" Size="24380"/><Block Hash="AtTmcru9eaKXrpFT/wFHMRsrpvV9ctbmGRZ4I0IRWpk=" Size="29335"/><Block Hash="hvWhXoCrVIAVk9UVD8r2xl02ilETrGMb3PArZ6UQm9c=" Size="32148"/><Block Hash="pbMEZjeezgIQaPtREPM2Uy7cOv2tlbc2/NjgaspPVak=" Size="29901"/><Block Hash="5XdPpDvLRTkYmyLSWwRjLZKltfht6QHv4qpxeshkg3c=" Size="32178"/><Block Hash="fI0E6/ayeg4m3ZeP5npGlsfiSQG1t9VR1RdDveC3SRI=" Size="32616"/><Block Hash="arCIXmRrxbwmGks3DH7lrAClf951NkBNUMXxCjuQFRQ=" Size="23468"/><Block Hash="bQd6qUdI0MEKnCFXgTnm59V07OakEfCAmDtcvY1brO0=" Size="14833"/><Block Hash="7qVnqDyh9ACip2o6dJdgXxiCusmnU2m6B4YJalPuLhc=" Size="15531"/><Block Hash="sh/2IV95piA918rW4sTqLItNG3+Cyg5jEsgjQ58Z2mQ=" Size="33619"/><Block Hash="PYnDsJsnPQAAP+zq9p3IbyP6mycUh3CYFXCjcmXAS00=" Size="33307"/><Block Hash="NOFA2JHSAljoYWCzxA2s8zZvh9IK/QIry00vGbNwLZA=" Size="25291"/><Block Hash="YH0p99+jeVqOP8SSzpq/PU7RJ/pBoXXtRseUu69SxMQ=" Size="32542"/><Block Hash="j0CCn5CCy+0nZ159X8bVZ4Bs3prLeERGrNOdCUoUCA8=" Size="30018"/><Block Hash="7HQgjLhk8ePMx6N3msVWRy8GZOvOgO4ww5lQCMN7w3s=" Size="31188"/><Block Hash="P/nOia39D5u8KsnFrHxeFDkwndCrOc7OsdREItt2YqU=" Size="30907"/><Block Hash="wUQYfwA5lGl5xk3z5ST4ym6WxePfb8nfaXgKR84Nfho=" Size="33345"/><Block Hash="h9Q5hjLxFQZLMgdE6a6EuDDkqdWNpxlVoXLWvxOhCEM=" Size="29961"/><Block Hash="uSLb0W87c9b7rsQuA7IXpv5Gnlt6KxTvByCAL4DLRZ4=" Size="28640"/><Block Hash="Vmw0ZyG/Bb+15e7SjJVzyKfAx1xsWp8Rmr5+kfOAa/4=" Size="30010"/><Block Hash="CRMwskt8Nwnk7U/iJoRp6yLc11YExrivIn8/q2ckYwA=" Size="27506"/><Block Hash="NPCy4cbLFzfBi6Sgqy1AxmAyp4j5QxGPU/iQ9spdVTo=" Size="17186"/><Block Hash="duTiPHujjo7tR8j6AdKY5QQ+SzYomLkT4rPyIur8J3Q=" Size="20486"/><Block Hash="5RYk7d5TIHmjPqeHioGs0aVDM6whRB+NIR/yWemdNS0=" Size="18793"/><Block Hash="q+9LwvxbIyIpyuEfmHHaZaoNkSQEd1V4ZFqJ08FlJiE=" Size="17638"/><Block Hash="s/QF7rEg7Hm8Le3I4jlUF2hS8r2Odbo/1jT1FORCmK4=" Size="10075"/><Block Hash="HwzMenb4pWfXNXVm+kNu0WRzGB2S0jQv8BlH4ps/0Ns=" Size="12566"/><Block Hash="TKqxW/7HzQOGymPHPTJYo3q7qfpXfWWHjbZ23EiafyA=" Size="14449"/><Block Hash="DipxdR8lSSdOlHRNiUrybxuOnVraoZNxd4VqCusKst0=" Size="13525"/><Block Hash="ij56KPr64l//0invtuag3JnMbS/5Mpa3ApVKhud6GXw=" Size="13504"/><Block Hash="hJHU0Ami/bPZwXVD6vkgIMSpYZvlw7KGHdxHbDWprm8=" Size="14062"/><Block Hash="rwC5dnQ71Q5FHs3Vt8CXzgGqdNToFaxcnGTZLJUUDyA=" Size="14078"/><Block Hash="nSFyhuf30+2zd1I059OVvWC+RQoSPlrHTrLA+VMbuRI=" Size="10921"/><Block Hash="59wsRW6VQF4pUOr3zqaGgqBwiAt44DgkRHCUW9IkCmo=" Size="17978"/><Block Hash="XnSRdW5S6gftWA24gXtK1jTc7l3IBI6CNtQICFmTLO0=" Size="1363"/></File><File Name="StoreExperienceHost.exe" Size="18944" LfhSize="53"><Block Hash="XMsIMQsr1JH/JT/Yz200mHosrS9IptpblfFb/hwEvNI=" Size="3071"/></File><File Name="Store.Purchase.Component.winmd" Size="49152" LfhSize="60"><Block Hash="ofctoPiRsk3Jp70bs2hOev82JoS6JzMMyocdNYUrRGs=" Size="15303"/></File><File Name="resources.pri" Size="696936" LfhSize="43"><Block Hash="izDm2RMpBCSoi0MlE8lEKTvB5/hB7D7OzYLc+LL4kNA=" Size="17728"/><Block Hash="nLumQaw0WiS7qqNhRB9IcVdR70I8uMunMgRjiDaI+mM=" Size="10246"/><Block Hash="eB2m/2/+mavATr/+Zjqaxit+/ABa0/0jSRlWmoPThTQ=" Size="15448"/><Block Hash="mAjeal+N5YMn/FhLovHt2EeqxWiur7SCpoEkeVVAMk0=" Size="9162"/><Block Hash="w/ESNPB3dy8ZsbhH02UG6RORHz85IgTt9GppSO8owFA=" Size="15237"/><Block Hash="Rk1WEQUvQAckFaUrJ17jSH7TTPtnCtaFws4G0b2XApA=" Size="11419"/><Block Hash="ly+UAmcYFBy1n907cTr9zAJRCPE/d4VysBHE8rhvy38=" Size="14522"/><Block Hash="5vj2soVu2vp7B03Rv614ifuUrpGUjRHhHBEhHwJqh1E=" Size="11625"/><Block Hash="DppE9Xudil+wSugJ5bhtbrSxleNpF5WmrDMVLLMPzx8=" Size="16382"/><Block Hash="d2rUMgLHyQdSD1aeKBdu57nvs2J2qBrY3WizeBKo/m0=" Size="13520"/><Block Hash="R7TQw86SxDPsMMu0muR8y//0Xn0r2thubh4TLU2cN6s=" Size="8721"/></File><File Name="AppxManifest.xml" Size="14501" LfhSize="46"><Block Hash="+YoGgAXj+wPpaKXAfmTc/ZSyo2L+ExtgQA5I814ywQE=" Size="2502"/></File></BlockMap>